index,n_nerghbors,weight,p,leaf_size,cross_acc,test_acc
1,3,uniform,1,10,0.5100990954187681,0.5753246753246753
2,3,uniform,2,10,0.510146017483951,0.5714285714285714
3,3,distance,1,10,0.5396973559297183,0.5974025974025974
4,3,distance,2,10,0.5401560783629631,0.5935064935064935
5,3,uniform,1,12,0.5100990954187681,0.5753246753246753
6,3,uniform,2,12,0.510146017483951,0.5714285714285714
7,3,distance,1,12,0.5396973559297183,0.5974025974025974
8,3,distance,2,12,0.5401560783629631,0.5935064935064935
9,3,uniform,1,14,0.5100990954187681,0.5753246753246753
10,3,uniform,2,14,0.510146017483951,0.5714285714285714
11,3,distance,1,14,0.5396973559297183,0.5974025974025974
12,3,distance,2,14,0.5401560783629631,0.5935064935064935
13,3,uniform,1,16,0.5028190278889519,0.574025974025974
14,3,uniform,2,16,0.5024227973636568,0.5701298701298702
15,3,distance,1,16,0.5297828055926163,0.5974025974025974
16,3,distance,2,16,0.5298029315346329,0.5909090909090909
17,3,uniform,1,18,0.5028190278889519,0.574025974025974
18,3,uniform,2,18,0.5024227973636568,0.5701298701298702
19,3,distance,1,18,0.5297828055926163,0.5974025974025974
20,3,distance,2,18,0.5298029315346329,0.5909090909090909
21,3,uniform,1,20,0.5028190278889519,0.574025974025974
22,3,uniform,2,20,0.5024227973636568,0.5701298701298702
23,3,distance,1,20,0.5297828055926163,0.5974025974025974
24,3,distance,2,20,0.5298029315346329,0.5909090909090909
25,3,uniform,1,22,0.5028190278889519,0.574025974025974
26,3,uniform,2,22,0.5024227973636568,0.5701298701298702
27,3,distance,1,22,0.5297828055926163,0.5974025974025974
28,3,distance,2,22,0.5298029315346329,0.5909090909090909
29,3,uniform,1,24,0.5028190278889519,0.574025974025974
30,3,uniform,2,24,0.5024227973636568,0.5701298701298702
31,3,distance,1,24,0.5297828055926163,0.5974025974025974
32,3,distance,2,24,0.5298029315346329,0.5909090909090909
33,3,uniform,1,26,0.5028190278889519,0.574025974025974
34,3,uniform,2,26,0.5024227973636568,0.5701298701298702
35,3,distance,1,26,0.5297828055926163,0.5974025974025974
36,3,distance,2,26,0.5298029315346329,0.5909090909090909
37,3,uniform,1,28,0.5028190278889519,0.574025974025974
38,3,uniform,2,28,0.5024227973636568,0.5701298701298702
39,3,distance,1,28,0.5297828055926163,0.5974025974025974
40,3,distance,2,28,0.5298029315346329,0.5909090909090909
41,3,uniform,1,30,0.4959599416236382,0.5571428571428572
42,3,uniform,2,30,0.49599859170602684,0.5545454545454546
43,3,distance,1,30,0.5259401366833109,0.5727272727272728
44,3,distance,2,30,0.5255367741342989,0.5662337662337662
45,3,uniform,1,32,0.4959599416236382,0.5571428571428572
46,3,uniform,2,32,0.49599859170602684,0.5545454545454546
47,3,distance,1,32,0.5259401366833109,0.5727272727272728
48,3,distance,2,32,0.5255367741342989,0.5662337662337662
49,3,uniform,1,34,0.4959599416236382,0.5571428571428572
50,3,uniform,2,34,0.49599859170602684,0.5545454545454546
51,3,distance,1,34,0.5259401366833109,0.5727272727272728
52,3,distance,2,34,0.5255367741342989,0.5662337662337662
53,3,uniform,1,36,0.4959599416236382,0.5571428571428572
54,3,uniform,2,36,0.49599859170602684,0.5545454545454546
55,3,distance,1,36,0.5259401366833109,0.5727272727272728
56,3,distance,2,36,0.5255367741342989,0.5662337662337662
57,3,uniform,1,38,0.4959599416236382,0.5571428571428572
58,3,uniform,2,38,0.49599859170602684,0.5545454545454546
59,3,distance,1,38,0.5259401366833109,0.5727272727272728
60,3,distance,2,38,0.5255367741342989,0.5662337662337662
61,3,uniform,1,40,0.4959599416236382,0.5571428571428572
62,3,uniform,2,40,0.49599859170602684,0.5545454545454546
63,3,distance,1,40,0.5259401366833109,0.5727272727272728
64,3,distance,2,40,0.5255367741342989,0.5662337662337662
65,3,uniform,1,42,0.4959599416236382,0.5571428571428572
66,3,uniform,2,42,0.49599859170602684,0.5545454545454546
67,3,distance,1,42,0.5259401366833109,0.5727272727272728
68,3,distance,2,42,0.5255367741342989,0.5662337662337662
69,3,uniform,1,44,0.4959599416236382,0.5571428571428572
70,3,uniform,2,44,0.49599859170602684,0.5545454545454546
71,3,distance,1,44,0.5259401366833109,0.5727272727272728
72,3,distance,2,44,0.5255367741342989,0.5662337662337662
73,3,uniform,1,46,0.4959599416236382,0.5571428571428572
74,3,uniform,2,46,0.49599859170602684,0.5545454545454546
75,3,distance,1,46,0.5259401366833109,0.5727272727272728
76,3,distance,2,46,0.5255367741342989,0.5662337662337662
77,3,uniform,1,48,0.4959599416236382,0.5571428571428572
78,3,uniform,2,48,0.49599859170602684,0.5545454545454546
79,3,distance,1,48,0.5259401366833109,0.5727272727272728
80,3,distance,2,48,0.5255367741342989,0.5662337662337662
81,5,uniform,1,10,0.49963031175553063,0.5506493506493506
82,5,uniform,2,10,0.4983314446205738,0.5467532467532468
83,5,distance,1,10,0.5436636638813782,0.5844155844155844
84,5,distance,2,10,0.5415052876886314,0.5766233766233766
85,5,uniform,1,12,0.49963031175553063,0.5506493506493506
86,5,uniform,2,12,0.4983314446205738,0.5467532467532468
87,5,distance,1,12,0.5436636638813782,0.5844155844155844
88,5,distance,2,12,0.5415052876886314,0.5766233766233766
89,5,uniform,1,14,0.49963031175553063,0.5506493506493506
90,5,uniform,2,14,0.4983314446205738,0.5467532467532468
91,5,distance,1,14,0.5436636638813782,0.5844155844155844
92,5,distance,2,14,0.5415052876886314,0.5766233766233766
93,5,uniform,1,16,0.48540772434974777,0.5623376623376624
94,5,uniform,2,16,0.4836879446482289,0.5558441558441558
95,5,distance,1,16,0.5320507433344988,0.6
96,5,distance,2,16,0.5294492145512736,0.5896103896103896
97,5,uniform,1,18,0.48540772434974777,0.5623376623376624
98,5,uniform,2,18,0.4836879446482289,0.5558441558441558
99,5,distance,1,18,0.5320507433344988,0.6
100,5,distance,2,18,0.5294492145512736,0.5896103896103896
101,5,uniform,1,20,0.48540772434974777,0.5623376623376624
102,5,uniform,2,20,0.4836879446482289,0.5558441558441558
103,5,distance,1,20,0.5320507433344988,0.6
104,5,distance,2,20,0.5294492145512736,0.5896103896103896
105,5,uniform,1,22,0.48540772434974777,0.5623376623376624
106,5,uniform,2,22,0.4836879446482289,0.5558441558441558
107,5,distance,1,22,0.5320507433344988,0.6
108,5,distance,2,22,0.5294492145512736,0.5896103896103896
109,5,uniform,1,24,0.48540772434974777,0.5623376623376624
110,5,uniform,2,24,0.4836879446482289,0.5558441558441558
111,5,distance,1,24,0.5320507433344988,0.6
112,5,distance,2,24,0.5294492145512736,0.5896103896103896
113,5,uniform,1,26,0.48540772434974777,0.5623376623376624
114,5,uniform,2,26,0.4836879446482289,0.5558441558441558
115,5,distance,1,26,0.5320507433344988,0.6
116,5,distance,2,26,0.5294492145512736,0.5896103896103896
117,5,uniform,1,28,0.48540772434974777,0.5623376623376624
118,5,uniform,2,28,0.4836879446482289,0.5558441558441558
119,5,distance,1,28,0.5320507433344988,0.6
120,5,distance,2,28,0.5294492145512736,0.5896103896103896
121,5,uniform,1,30,0.4772286426925591,0.525974025974026
122,5,uniform,2,30,0.4758993974580078,0.5207792207792208
123,5,distance,1,30,0.5255773075014514,0.5714285714285714
124,5,distance,2,30,0.5229897467593482,0.5571428571428572
125,5,uniform,1,32,0.4772286426925591,0.525974025974026
126,5,uniform,2,32,0.4758993974580078,0.5207792207792208
127,5,distance,1,32,0.5255773075014514,0.5714285714285714
128,5,distance,2,32,0.5229897467593482,0.5571428571428572
129,5,uniform,1,34,0.4772286426925591,0.525974025974026
130,5,uniform,2,34,0.4758993974580078,0.5207792207792208
131,5,distance,1,34,0.5255773075014514,0.5714285714285714
132,5,distance,2,34,0.5229897467593482,0.5571428571428572
133,5,uniform,1,36,0.4772286426925591,0.525974025974026
134,5,uniform,2,36,0.4758993974580078,0.5207792207792208
135,5,distance,1,36,0.5255773075014514,0.5714285714285714
136,5,distance,2,36,0.5229897467593482,0.5571428571428572
137,5,uniform,1,38,0.4772286426925591,0.525974025974026
138,5,uniform,2,38,0.4758993974580078,0.5207792207792208
139,5,distance,1,38,0.5255773075014514,0.5714285714285714
140,5,distance,2,38,0.5229897467593482,0.5571428571428572
141,5,uniform,1,40,0.4772286426925591,0.525974025974026
142,5,uniform,2,40,0.4758993974580078,0.5207792207792208
143,5,distance,1,40,0.5255773075014514,0.5714285714285714
144,5,distance,2,40,0.5229897467593482,0.5571428571428572
145,5,uniform,1,42,0.4772286426925591,0.525974025974026
146,5,uniform,2,42,0.4758993974580078,0.5207792207792208
147,5,distance,1,42,0.5255773075014514,0.5714285714285714
148,5,distance,2,42,0.5229897467593482,0.5571428571428572
149,5,uniform,1,44,0.4772286426925591,0.525974025974026
150,5,uniform,2,44,0.4758993974580078,0.5207792207792208
151,5,distance,1,44,0.5255773075014514,0.5714285714285714
152,5,distance,2,44,0.5229897467593482,0.5571428571428572
153,5,uniform,1,46,0.4772286426925591,0.525974025974026
154,5,uniform,2,46,0.4758993974580078,0.5207792207792208
155,5,distance,1,46,0.5255773075014514,0.5714285714285714
156,5,distance,2,46,0.5229897467593482,0.5571428571428572
157,5,uniform,1,48,0.4772286426925591,0.525974025974026
158,5,uniform,2,48,0.4758993974580078,0.5207792207792208
159,5,distance,1,48,0.5255773075014514,0.5714285714285714
160,5,distance,2,48,0.5229897467593482,0.5571428571428572
161,7,uniform,1,10,0.466400073312671,0.5155844155844156
162,7,uniform,2,10,0.46552955051136446,0.5142857142857142
163,7,distance,1,10,0.5251268852430802,0.5727272727272728
164,7,distance,2,10,0.5242435024305898,0.5675324675324676
165,7,uniform,1,12,0.466400073312671,0.5155844155844156
166,7,uniform,2,12,0.46552955051136446,0.5142857142857142
167,7,distance,1,12,0.5251268852430802,0.5727272727272728
168,7,distance,2,12,0.5242435024305898,0.5675324675324676
169,7,uniform,1,14,0.466400073312671,0.5155844155844156
170,7,uniform,2,14,0.46552955051136446,0.5142857142857142
171,7,distance,1,14,0.5251268852430802,0.5727272727272728
172,7,distance,2,14,0.5242435024305898,0.5675324675324676
173,7,uniform,1,16,0.46875170365442137,0.512987012987013
174,7,uniform,2,16,0.4661310230520016,0.5103896103896104
175,7,distance,1,16,0.5256769078113636,0.5766233766233766
176,7,distance,2,16,0.5230682150752823,0.5636363636363636
177,7,uniform,1,18,0.46875170365442137,0.512987012987013
178,7,uniform,2,18,0.4661310230520016,0.5103896103896104
179,7,distance,1,18,0.5256769078113636,0.5766233766233766
180,7,distance,2,18,0.5230682150752823,0.5636363636363636
181,7,uniform,1,20,0.46875170365442137,0.512987012987013
182,7,uniform,2,20,0.4661310230520016,0.5103896103896104
183,7,distance,1,20,0.5256769078113636,0.5766233766233766
184,7,distance,2,20,0.5230682150752823,0.5636363636363636
185,7,uniform,1,22,0.46875170365442137,0.512987012987013
186,7,uniform,2,22,0.4661310230520016,0.5103896103896104
187,7,distance,1,22,0.5256769078113636,0.5766233766233766
188,7,distance,2,22,0.5230682150752823,0.5636363636363636
189,7,uniform,1,24,0.46875170365442137,0.512987012987013
190,7,uniform,2,24,0.4661310230520016,0.5103896103896104
191,7,distance,1,24,0.5256769078113636,0.5766233766233766
192,7,distance,2,24,0.5230682150752823,0.5636363636363636
193,7,uniform,1,26,0.46875170365442137,0.512987012987013
194,7,uniform,2,26,0.4661310230520016,0.5103896103896104
195,7,distance,1,26,0.5256769078113636,0.5766233766233766
196,7,distance,2,26,0.5230682150752823,0.5636363636363636
197,7,uniform,1,28,0.46875170365442137,0.512987012987013
198,7,uniform,2,28,0.4661310230520016,0.5103896103896104
199,7,distance,1,28,0.5256769078113636,0.5766233766233766
200,7,distance,2,28,0.5230682150752823,0.5636363636363636
201,7,uniform,1,30,0.46260825862603605,0.509090909090909
202,7,uniform,2,30,0.4604547382759109,0.5103896103896104
203,7,distance,1,30,0.5265940284794622,0.5688311688311688
204,7,distance,2,30,0.5213922447792058,0.5597402597402598
205,7,uniform,1,32,0.46260825862603605,0.509090909090909
206,7,uniform,2,32,0.4604547382759109,0.5103896103896104
207,7,distance,1,32,0.5265940284794622,0.5688311688311688
208,7,distance,2,32,0.5213922447792058,0.5597402597402598
209,7,uniform,1,34,0.46260825862603605,0.509090909090909
210,7,uniform,2,34,0.4604547382759109,0.5103896103896104
211,7,distance,1,34,0.5265940284794622,0.5688311688311688
212,7,distance,2,34,0.5213922447792058,0.5597402597402598
213,7,uniform,1,36,0.46260825862603605,0.509090909090909
214,7,uniform,2,36,0.4604547382759109,0.5103896103896104
215,7,distance,1,36,0.5265940284794622,0.5688311688311688
216,7,distance,2,36,0.5213922447792058,0.5597402597402598
217,7,uniform,1,38,0.46260825862603605,0.509090909090909
218,7,uniform,2,38,0.4604547382759109,0.5103896103896104
219,7,distance,1,38,0.5265940284794622,0.5688311688311688
220,7,distance,2,38,0.5213922447792058,0.5597402597402598
221,7,uniform,1,40,0.46260825862603605,0.509090909090909
222,7,uniform,2,40,0.4604547382759109,0.5103896103896104
223,7,distance,1,40,0.5265940284794622,0.5688311688311688
224,7,distance,2,40,0.5213922447792058,0.5597402597402598
225,7,uniform,1,42,0.46260825862603605,0.509090909090909
226,7,uniform,2,42,0.4604547382759109,0.5103896103896104
227,7,distance,1,42,0.5265940284794622,0.5688311688311688
228,7,distance,2,42,0.5213922447792058,0.5597402597402598
229,7,uniform,1,44,0.46260825862603605,0.509090909090909
230,7,uniform,2,44,0.4604547382759109,0.5103896103896104
231,7,distance,1,44,0.5265940284794622,0.5688311688311688
232,7,distance,2,44,0.5213922447792058,0.5597402597402598
233,7,uniform,1,46,0.46260825862603605,0.509090909090909
234,7,uniform,2,46,0.4604547382759109,0.5103896103896104
235,7,distance,1,46,0.5265940284794622,0.5688311688311688
236,7,distance,2,46,0.5213922447792058,0.5597402597402598
237,7,uniform,1,48,0.46260825862603605,0.509090909090909
238,7,uniform,2,48,0.4604547382759109,0.5103896103896104
239,7,distance,1,48,0.5265940284794622,0.5688311688311688
240,7,distance,2,48,0.5213922447792058,0.5597402597402598
241,9,uniform,1,10,0.4494496111282723,0.5077922077922078
242,9,uniform,2,10,0.4472996727545753,0.5038961038961038
243,9,distance,1,10,0.5286266751444606,0.5831168831168831
244,9,distance,2,10,0.5208331849051291,0.5727272727272728
245,9,uniform,1,12,0.4494496111282723,0.5077922077922078
246,9,uniform,2,12,0.4472996727545753,0.5038961038961038
247,9,distance,1,12,0.5286266751444606,0.5831168831168831
248,9,distance,2,12,0.5208331849051291,0.5727272727272728
249,9,uniform,1,14,0.4494496111282723,0.5077922077922078
250,9,uniform,2,14,0.4472996727545753,0.5038961038961038
251,9,distance,1,14,0.5286266751444606,0.5831168831168831
252,9,distance,2,14,0.5208331849051291,0.5727272727272728
253,9,uniform,1,16,0.44600050961330684,0.5103896103896104
254,9,uniform,2,16,0.4438071992217155,0.5051948051948052
255,9,distance,1,16,0.5269070612791973,0.5857142857142857
256,9,distance,2,16,0.5182459239063977,0.5753246753246753
257,9,uniform,1,18,0.44600050961330684,0.5103896103896104
258,9,uniform,2,18,0.4438071992217155,0.5051948051948052
259,9,distance,1,18,0.5269070612791973,0.5857142857142857
260,9,distance,2,18,0.5182459239063977,0.5753246753246753
261,9,uniform,1,20,0.44600050961330684,0.5103896103896104
262,9,uniform,2,20,0.4438071992217155,0.5051948051948052
263,9,distance,1,20,0.5269070612791973,0.5857142857142857
264,9,distance,2,20,0.5182459239063977,0.5753246753246753
265,9,uniform,1,22,0.44600050961330684,0.5103896103896104
266,9,uniform,2,22,0.4438071992217155,0.5051948051948052
267,9,distance,1,22,0.5269070612791973,0.5857142857142857
268,9,distance,2,22,0.5182459239063977,0.5753246753246753
269,9,uniform,1,24,0.44600050961330684,0.5103896103896104
270,9,uniform,2,24,0.4438071992217155,0.5051948051948052
271,9,distance,1,24,0.5269070612791973,0.5857142857142857
272,9,distance,2,24,0.5182459239063977,0.5753246753246753
273,9,uniform,1,26,0.44600050961330684,0.5103896103896104
274,9,uniform,2,26,0.4438071992217155,0.5051948051948052
275,9,distance,1,26,0.5269070612791973,0.5857142857142857
276,9,distance,2,26,0.5182459239063977,0.5753246753246753
277,9,uniform,1,28,0.44600050961330684,0.5103896103896104
278,9,uniform,2,28,0.4438071992217155,0.5051948051948052
279,9,distance,1,28,0.5269070612791973,0.5857142857142857
280,9,distance,2,28,0.5182459239063977,0.5753246753246753
281,9,uniform,1,30,0.43940767172672146,0.4922077922077922
282,9,uniform,2,30,0.4372541513765963,0.4896103896103896
283,9,distance,1,30,0.5230210203519976,0.5727272727272728
284,9,distance,2,30,0.5116828683697234,0.5571428571428572
285,9,uniform,1,32,0.43940767172672146,0.4922077922077922
286,9,uniform,2,32,0.4372541513765963,0.4896103896103896
287,9,distance,1,32,0.5230210203519976,0.5727272727272728
288,9,distance,2,32,0.5116828683697234,0.5571428571428572
289,9,uniform,1,34,0.43940767172672146,0.4922077922077922
290,9,uniform,2,34,0.4372541513765963,0.4896103896103896
291,9,distance,1,34,0.5230210203519976,0.5727272727272728
292,9,distance,2,34,0.5116828683697234,0.5571428571428572
293,9,uniform,1,36,0.43940767172672146,0.4922077922077922
294,9,uniform,2,36,0.4372541513765963,0.4896103896103896
295,9,distance,1,36,0.5230210203519976,0.5727272727272728
296,9,distance,2,36,0.5116828683697234,0.5571428571428572
297,9,uniform,1,38,0.43940767172672146,0.4922077922077922
298,9,uniform,2,38,0.4372541513765963,0.4896103896103896
299,9,distance,1,38,0.5230210203519976,0.5727272727272728
300,9,distance,2,38,0.5116828683697234,0.5571428571428572
301,9,uniform,1,40,0.43940767172672146,0.4922077922077922
302,9,uniform,2,40,0.4372541513765963,0.4896103896103896
303,9,distance,1,40,0.5230210203519976,0.5727272727272728
304,9,distance,2,40,0.5116828683697234,0.5571428571428572
305,9,uniform,1,42,0.43940767172672146,0.4922077922077922
306,9,uniform,2,42,0.4372541513765963,0.4896103896103896
307,9,distance,1,42,0.5230210203519976,0.5727272727272728
308,9,distance,2,42,0.5116828683697234,0.5571428571428572
309,9,uniform,1,44,0.43940767172672146,0.4922077922077922
310,9,uniform,2,44,0.4372541513765963,0.4896103896103896
311,9,distance,1,44,0.5230210203519976,0.5727272727272728
312,9,distance,2,44,0.5116828683697234,0.5571428571428572
313,9,uniform,1,46,0.43940767172672146,0.4922077922077922
314,9,uniform,2,46,0.4372541513765963,0.4896103896103896
315,9,distance,1,46,0.5230210203519976,0.5727272727272728
316,9,distance,2,46,0.5116828683697234,0.5571428571428572
317,9,uniform,1,48,0.43940767172672146,0.4922077922077922
318,9,uniform,2,48,0.4372541513765963,0.4896103896103896
319,9,distance,1,48,0.5230210203519976,0.5727272727272728
320,9,distance,2,48,0.5116828683697234,0.5571428571428572
321,11,uniform,1,10,0.42859488361967363,0.4831168831168831
322,11,uniform,2,10,0.42686130171328845,0.474025974025974
323,11,distance,1,10,0.5190840884333264,0.5805194805194805
324,11,distance,2,10,0.5073557299195357,0.5675324675324676
325,11,uniform,1,12,0.42859488361967363,0.4831168831168831
326,11,uniform,2,12,0.42686130171328845,0.474025974025974
327,11,distance,1,12,0.5190840884333264,0.5805194805194805
328,11,distance,2,12,0.5073557299195357,0.5675324675324676
329,11,uniform,1,14,0.42859488361967363,0.4831168831168831
330,11,uniform,2,14,0.42686130171328845,0.474025974025974
331,11,distance,1,14,0.5190840884333264,0.5805194805194805
332,11,distance,2,14,0.5073557299195357,0.5675324675324676
333,11,uniform,1,16,0.4189986174557184,0.4766233766233766
334,11,uniform,2,16,0.4177154859997837,0.4701298701298701
335,11,distance,1,16,0.5172965826080975,0.5805194805194805
336,11,distance,2,16,0.5055870479780505,0.5623376623376624
337,11,uniform,1,18,0.4189986174557184,0.4766233766233766
338,11,uniform,2,18,0.4177154859997837,0.4701298701298701
339,11,distance,1,18,0.5172965826080975,0.5805194805194805
340,11,distance,2,18,0.5055870479780505,0.5623376623376624
341,11,uniform,1,20,0.4189986174557184,0.4766233766233766
342,11,uniform,2,20,0.4177154859997837,0.4701298701298701
343,11,distance,1,20,0.5172965826080975,0.5805194805194805
344,11,distance,2,20,0.5055870479780505,0.5623376623376624
345,11,uniform,1,22,0.4189986174557184,0.4766233766233766
346,11,uniform,2,22,0.4177154859997837,0.4701298701298701
347,11,distance,1,22,0.5172965826080975,0.5805194805194805
348,11,distance,2,22,0.5055870479780505,0.5623376623376624
349,11,uniform,1,24,0.4189986174557184,0.4766233766233766
350,11,uniform,2,24,0.4177154859997837,0.4701298701298701
351,11,distance,1,24,0.5172965826080975,0.5805194805194805
352,11,distance,2,24,0.5055870479780505,0.5623376623376624
353,11,uniform,1,26,0.4189986174557184,0.4766233766233766
354,11,uniform,2,26,0.4177154859997837,0.4701298701298701
355,11,distance,1,26,0.5172965826080975,0.5805194805194805
356,11,distance,2,26,0.5055870479780505,0.5623376623376624
357,11,uniform,1,28,0.4189986174557184,0.4766233766233766
358,11,uniform,2,28,0.4177154859997837,0.4701298701298701
359,11,distance,1,28,0.5172965826080975,0.5805194805194805
360,11,distance,2,28,0.5055870479780505,0.5623376623376624
361,11,uniform,1,30,0.41072143157522534,0.4623376623376623
362,11,uniform,2,30,0.40812348476842847,0.45324675324675323
363,11,distance,1,30,0.5094958817152824,0.5714285714285714
364,11,distance,2,30,0.5012312708740895,0.5584415584415584
365,11,uniform,1,32,0.41072143157522534,0.4623376623376623
366,11,uniform,2,32,0.40812348476842847,0.45324675324675323
367,11,distance,1,32,0.5094958817152824,0.5714285714285714
368,11,distance,2,32,0.5012312708740895,0.5584415584415584
369,11,uniform,1,34,0.41072143157522534,0.4623376623376623
370,11,uniform,2,34,0.40812348476842847,0.45324675324675323
371,11,distance,1,34,0.5094958817152824,0.5714285714285714
372,11,distance,2,34,0.5012312708740895,0.5584415584415584
373,11,uniform,1,36,0.41072143157522534,0.4623376623376623
374,11,uniform,2,36,0.40812348476842847,0.45324675324675323
375,11,distance,1,36,0.5094958817152824,0.5714285714285714
376,11,distance,2,36,0.5012312708740895,0.5584415584415584
377,11,uniform,1,38,0.41072143157522534,0.4623376623376623
378,11,uniform,2,38,0.40812348476842847,0.45324675324675323
379,11,distance,1,38,0.5094958817152824,0.5714285714285714
380,11,distance,2,38,0.5012312708740895,0.5584415584415584
381,11,uniform,1,40,0.41072143157522534,0.4623376623376623
382,11,uniform,2,40,0.40812348476842847,0.45324675324675323
383,11,distance,1,40,0.5094958817152824,0.5714285714285714
384,11,distance,2,40,0.5012312708740895,0.5584415584415584
385,11,uniform,1,42,0.41072143157522534,0.4623376623376623
386,11,uniform,2,42,0.40812348476842847,0.45324675324675323
387,11,distance,1,42,0.5094958817152824,0.5714285714285714
388,11,distance,2,42,0.5012312708740895,0.5584415584415584
389,11,uniform,1,44,0.41072143157522534,0.4623376623376623
390,11,uniform,2,44,0.40812348476842847,0.45324675324675323
391,11,distance,1,44,0.5094958817152824,0.5714285714285714
392,11,distance,2,44,0.5012312708740895,0.5584415584415584
393,11,uniform,1,46,0.41072143157522534,0.4623376623376623
394,11,uniform,2,46,0.40812348476842847,0.45324675324675323
395,11,distance,1,46,0.5094958817152824,0.5714285714285714
396,11,distance,2,46,0.5012312708740895,0.5584415584415584
397,11,uniform,1,48,0.41072143157522534,0.4623376623376623
398,11,uniform,2,48,0.40812348476842847,0.45324675324675323
399,11,distance,1,48,0.5094958817152824,0.5714285714285714
400,11,distance,2,48,0.5012312708740895,0.5584415584415584
401,13,uniform,1,10,0.4072496207196562,0.45714285714285713
402,13,uniform,2,10,0.4063891375390442,0.44805194805194803
403,13,distance,1,10,0.5059383046838067,0.5714285714285714
404,13,distance,2,10,0.4986104563645536,0.551948051948052
405,13,uniform,1,12,0.4072496207196562,0.45714285714285713
406,13,uniform,2,12,0.4063891375390442,0.44805194805194803
407,13,distance,1,12,0.5059383046838067,0.5714285714285714
408,13,distance,2,12,0.4986104563645536,0.551948051948052
409,13,uniform,1,14,0.4072496207196562,0.45714285714285713
410,13,uniform,2,14,0.4063891375390442,0.44805194805194803
411,13,distance,1,14,0.5059383046838067,0.5714285714285714
412,13,distance,2,14,0.4986104563645536,0.551948051948052
413,13,uniform,1,16,0.3993410719891536,0.4584415584415584
414,13,uniform,2,16,0.3980288644918975,0.44805194805194803
415,13,distance,1,16,0.5042469043985506,0.5714285714285714
416,13,distance,2,16,0.4959943133528357,0.5545454545454546
417,13,uniform,1,18,0.3993410719891536,0.4584415584415584
418,13,uniform,2,18,0.3980288644918975,0.44805194805194803
419,13,distance,1,18,0.5042469043985506,0.5714285714285714
420,13,distance,2,18,0.4959943133528357,0.5545454545454546
421,13,uniform,1,20,0.3993410719891536,0.4584415584415584
422,13,uniform,2,20,0.3980288644918975,0.44805194805194803
423,13,distance,1,20,0.5042469043985506,0.5714285714285714
424,13,distance,2,20,0.4959943133528357,0.5545454545454546
425,13,uniform,1,22,0.3993410719891536,0.4584415584415584
426,13,uniform,2,22,0.3980288644918975,0.44805194805194803
427,13,distance,1,22,0.5042469043985506,0.5714285714285714
428,13,distance,2,22,0.4959943133528357,0.5545454545454546
429,13,uniform,1,24,0.3993410719891536,0.4584415584415584
430,13,uniform,2,24,0.3980288644918975,0.44805194805194803
431,13,distance,1,24,0.5042469043985506,0.5714285714285714
432,13,distance,2,24,0.4959943133528357,0.5545454545454546
433,13,uniform,1,26,0.3993410719891536,0.4584415584415584
434,13,uniform,2,26,0.3980288644918975,0.44805194805194803
435,13,distance,1,26,0.5042469043985506,0.5714285714285714
436,13,distance,2,26,0.4959943133528357,0.5545454545454546
437,13,uniform,1,28,0.3993410719891536,0.4584415584415584
438,13,uniform,2,28,0.3980288644918975,0.44805194805194803
439,13,distance,1,28,0.5042469043985506,0.5714285714285714
440,13,distance,2,28,0.4959943133528357,0.5545454545454546
441,13,uniform,1,30,0.3911539308860538,0.44155844155844154
442,13,uniform,2,30,0.3885866619222229,0.43376623376623374
443,13,distance,1,30,0.5003434977986047,0.5636363636363636
444,13,distance,2,30,0.49039239295246506,0.5506493506493506
445,13,uniform,1,32,0.3911539308860538,0.44155844155844154
446,13,uniform,2,32,0.3885866619222229,0.43376623376623374
447,13,distance,1,32,0.5003434977986047,0.5636363636363636
448,13,distance,2,32,0.49039239295246506,0.5506493506493506
449,13,uniform,1,34,0.3911539308860538,0.44155844155844154
450,13,uniform,2,34,0.3885866619222229,0.43376623376623374
451,13,distance,1,34,0.5003434977986047,0.5636363636363636
452,13,distance,2,34,0.49039239295246506,0.5506493506493506
453,13,uniform,1,36,0.3911539308860538,0.44155844155844154
454,13,uniform,2,36,0.3885866619222229,0.43376623376623374
455,13,distance,1,36,0.5003434977986047,0.5636363636363636
456,13,distance,2,36,0.49039239295246506,0.5506493506493506
457,13,uniform,1,38,0.3911539308860538,0.44155844155844154
458,13,uniform,2,38,0.3885866619222229,0.43376623376623374
459,13,distance,1,38,0.5003434977986047,0.5636363636363636
460,13,distance,2,38,0.49039239295246506,0.5506493506493506
461,13,uniform,1,40,0.3911539308860538,0.44155844155844154
462,13,uniform,2,40,0.3885866619222229,0.43376623376623374
463,13,distance,1,40,0.5003434977986047,0.5636363636363636
464,13,distance,2,40,0.49039239295246506,0.5506493506493506
465,13,uniform,1,42,0.3911539308860538,0.44155844155844154
466,13,uniform,2,42,0.3885866619222229,0.43376623376623374
467,13,distance,1,42,0.5003434977986047,0.5636363636363636
468,13,distance,2,42,0.49039239295246506,0.5506493506493506
469,13,uniform,1,44,0.3911539308860538,0.44155844155844154
470,13,uniform,2,44,0.3885866619222229,0.43376623376623374
471,13,distance,1,44,0.5003434977986047,0.5636363636363636
472,13,distance,2,44,0.49039239295246506,0.5506493506493506
473,13,uniform,1,46,0.3911539308860538,0.44155844155844154
474,13,uniform,2,46,0.3885866619222229,0.43376623376623374
475,13,distance,1,46,0.5003434977986047,0.5636363636363636
476,13,distance,2,46,0.49039239295246506,0.5506493506493506
477,13,uniform,1,48,0.3911539308860538,0.44155844155844154
478,13,uniform,2,48,0.3885866619222229,0.43376623376623374
479,13,distance,1,48,0.5003434977986047,0.5636363636363636
480,13,distance,2,48,0.49039239295246506,0.5506493506493506
481,15,uniform,1,10,0.3891695365365908,0.44545454545454544
482,15,uniform,2,10,0.387896278865095,0.43636363636363634
483,15,distance,1,10,0.4994830932477596,0.5675324675324676
484,15,distance,2,10,0.49257160139581846,0.5506493506493506
485,15,uniform,1,12,0.3891695365365908,0.44545454545454544
486,15,uniform,2,12,0.387896278865095,0.43636363636363634
487,15,distance,1,12,0.4994830932477596,0.5675324675324676
488,15,distance,2,12,0.49257160139581846,0.5506493506493506
489,15,uniform,1,14,0.3891695365365908,0.44545454545454544
490,15,uniform,2,14,0.387896278865095,0.43636363636363634
491,15,distance,1,14,0.4994830932477596,0.5675324675324676
492,15,distance,2,14,0.49257160139581846,0.5506493506493506
493,15,uniform,1,16,0.38213053164491145,0.43506493506493504
494,15,uniform,2,16,0.3817193589556723,0.42467532467532465
495,15,distance,1,16,0.49774579545783026,0.5623376623376624
496,15,distance,2,16,0.4917079146119171,0.5454545454545454
497,15,uniform,1,18,0.38213053164491145,0.43506493506493504
498,15,uniform,2,18,0.3817193589556723,0.42467532467532465
499,15,distance,1,18,0.49774579545783026,0.5623376623376624
500,15,distance,2,18,0.4917079146119171,0.5454545454545454
501,15,uniform,1,20,0.38213053164491145,0.43506493506493504
502,15,uniform,2,20,0.3817193589556723,0.42467532467532465
503,15,distance,1,20,0.49774579545783026,0.5623376623376624
504,15,distance,2,20,0.4917079146119171,0.5454545454545454
505,15,uniform,1,22,0.38213053164491145,0.43506493506493504
506,15,uniform,2,22,0.3817193589556723,0.42467532467532465
507,15,distance,1,22,0.49774579545783026,0.5623376623376624
508,15,distance,2,22,0.4917079146119171,0.5454545454545454
509,15,uniform,1,24,0.38213053164491145,0.43506493506493504
510,15,uniform,2,24,0.3817193589556723,0.42467532467532465
511,15,distance,1,24,0.49774579545783026,0.5623376623376624
512,15,distance,2,24,0.4917079146119171,0.5454545454545454
513,15,uniform,1,26,0.38213053164491145,0.43506493506493504
514,15,uniform,2,26,0.3817193589556723,0.42467532467532465
515,15,distance,1,26,0.49774579545783026,0.5623376623376624
516,15,distance,2,26,0.4917079146119171,0.5454545454545454
517,15,uniform,1,28,0.38213053164491145,0.43506493506493504
518,15,uniform,2,28,0.3817193589556723,0.42467532467532465
519,15,distance,1,28,0.49774579545783026,0.5623376623376624
520,15,distance,2,28,0.4917079146119171,0.5454545454545454
521,15,uniform,1,30,0.37646476310357035,0.42077922077922075
522,15,uniform,2,30,0.3756005640394143,0.412987012987013
523,15,distance,1,30,0.4934426364773799,0.5597402597402598
524,15,distance,2,30,0.48570610792392593,0.5454545454545454
525,15,uniform,1,32,0.37646476310357035,0.42077922077922075
526,15,uniform,2,32,0.3756005640394143,0.412987012987013
527,15,distance,1,32,0.4934426364773799,0.5597402597402598
528,15,distance,2,32,0.48570610792392593,0.5454545454545454
529,15,uniform,1,34,0.37646476310357035,0.42077922077922075
530,15,uniform,2,34,0.3756005640394143,0.412987012987013
531,15,distance,1,34,0.4934426364773799,0.5597402597402598
532,15,distance,2,34,0.48570610792392593,0.5454545454545454
533,15,uniform,1,36,0.37646476310357035,0.42077922077922075
534,15,uniform,2,36,0.3756005640394143,0.412987012987013
535,15,distance,1,36,0.4934426364773799,0.5597402597402598
536,15,distance,2,36,0.48570610792392593,0.5454545454545454
537,15,uniform,1,38,0.37646476310357035,0.42077922077922075
538,15,uniform,2,38,0.3756005640394143,0.412987012987013
539,15,distance,1,38,0.4934426364773799,0.5597402597402598
540,15,distance,2,38,0.48570610792392593,0.5454545454545454
541,15,uniform,1,40,0.37646476310357035,0.42077922077922075
542,15,uniform,2,40,0.3756005640394143,0.412987012987013
543,15,distance,1,40,0.4934426364773799,0.5597402597402598
544,15,distance,2,40,0.48570610792392593,0.5454545454545454
545,15,uniform,1,42,0.37646476310357035,0.42077922077922075
546,15,uniform,2,42,0.3756005640394143,0.412987012987013
547,15,distance,1,42,0.4934426364773799,0.5597402597402598
548,15,distance,2,42,0.48570610792392593,0.5454545454545454
549,15,uniform,1,44,0.37646476310357035,0.42077922077922075
550,15,uniform,2,44,0.3756005640394143,0.412987012987013
551,15,distance,1,44,0.4934426364773799,0.5597402597402598
552,15,distance,2,44,0.48570610792392593,0.5454545454545454
553,15,uniform,1,46,0.37646476310357035,0.42077922077922075
554,15,uniform,2,46,0.3756005640394143,0.412987012987013
555,15,distance,1,46,0.4934426364773799,0.5597402597402598
556,15,distance,2,46,0.48570610792392593,0.5454545454545454
557,15,uniform,1,48,0.37646476310357035,0.42077922077922075
558,15,uniform,2,48,0.3756005640394143,0.412987012987013
559,15,distance,1,48,0.4934426364773799,0.5597402597402598
560,15,distance,2,48,0.48570610792392593,0.5454545454545454
561,17,uniform,1,10,0.3779809202414265,0.42077922077922075
562,17,uniform,2,10,0.3754128110618898,0.41688311688311686
563,17,distance,1,10,0.4951775523711775,0.5545454545454546
564,17,distance,2,10,0.48221648781329607,0.5376623376623376
565,17,uniform,1,12,0.3779809202414265,0.42077922077922075
566,17,uniform,2,12,0.3754128110618898,0.41688311688311686
567,17,distance,1,12,0.4951775523711775,0.5545454545454546
568,17,distance,2,12,0.48221648781329607,0.5376623376623376
569,17,uniform,1,14,0.3779809202414265,0.42077922077922075
570,17,uniform,2,14,0.3754128110618898,0.41688311688311686
571,17,distance,1,14,0.4951775523711775,0.5545454545454546
572,17,distance,2,14,0.48221648781329607,0.5376623376623376
573,17,uniform,1,16,0.3735896094518776,0.42207792207792205
574,17,uniform,2,16,0.37015000334821235,0.4142857142857143
575,17,distance,1,16,0.49173002072871713,0.5571428571428572
576,17,distance,2,16,0.4800637794867975,0.538961038961039
577,17,uniform,1,18,0.3735896094518776,0.42207792207792205
578,17,uniform,2,18,0.37015000334821235,0.4142857142857143
579,17,distance,1,18,0.49173002072871713,0.5571428571428572
580,17,distance,2,18,0.4800637794867975,0.538961038961039
581,17,uniform,1,20,0.3735896094518776,0.42207792207792205
582,17,uniform,2,20,0.37015000334821235,0.4142857142857143
583,17,distance,1,20,0.49173002072871713,0.5571428571428572
584,17,distance,2,20,0.4800637794867975,0.538961038961039
585,17,uniform,1,22,0.3735896094518776,0.42207792207792205
586,17,uniform,2,22,0.37015000334821235,0.4142857142857143
587,17,distance,1,22,0.49173002072871713,0.5571428571428572
588,17,distance,2,22,0.4800637794867975,0.538961038961039
589,17,uniform,1,24,0.3735896094518776,0.42207792207792205
590,17,uniform,2,24,0.37015000334821235,0.4142857142857143
591,17,distance,1,24,0.49173002072871713,0.5571428571428572
592,17,distance,2,24,0.4800637794867975,0.538961038961039
593,17,uniform,1,26,0.3735896094518776,0.42207792207792205
594,17,uniform,2,26,0.37015000334821235,0.4142857142857143
595,17,distance,1,26,0.49173002072871713,0.5571428571428572
596,17,distance,2,26,0.4800637794867975,0.538961038961039
597,17,uniform,1,28,0.3735896094518776,0.42207792207792205
598,17,uniform,2,28,0.37015000334821235,0.4142857142857143
599,17,distance,1,28,0.49173002072871713,0.5571428571428572
600,17,distance,2,28,0.4800637794867975,0.538961038961039
601,17,uniform,1,30,0.3670178163527817,0.4090909090909091
602,17,uniform,2,30,0.3639685788798285,0.4
603,17,distance,1,30,0.4895525799232642,0.5545454545454546
604,17,distance,2,30,0.47878875417740147,0.5402597402597402
605,17,uniform,1,32,0.3670178163527817,0.4090909090909091
606,17,uniform,2,32,0.3639685788798285,0.4
607,17,distance,1,32,0.4895525799232642,0.5545454545454546
608,17,distance,2,32,0.47878875417740147,0.5402597402597402
609,17,uniform,1,34,0.3670178163527817,0.4090909090909091
610,17,uniform,2,34,0.3639685788798285,0.4
611,17,distance,1,34,0.4895525799232642,0.5545454545454546
612,17,distance,2,34,0.47878875417740147,0.5402597402597402
613,17,uniform,1,36,0.3670178163527817,0.4090909090909091
614,17,uniform,2,36,0.3639685788798285,0.4
615,17,distance,1,36,0.4895525799232642,0.5545454545454546
616,17,distance,2,36,0.47878875417740147,0.5402597402597402
617,17,uniform,1,38,0.3670178163527817,0.4090909090909091
618,17,uniform,2,38,0.3639685788798285,0.4
619,17,distance,1,38,0.4895525799232642,0.5545454545454546
620,17,distance,2,38,0.47878875417740147,0.5402597402597402
621,17,uniform,1,40,0.3670178163527817,0.4090909090909091
622,17,uniform,2,40,0.3639685788798285,0.4
623,17,distance,1,40,0.4895525799232642,0.5545454545454546
624,17,distance,2,40,0.47878875417740147,0.5402597402597402
625,17,uniform,1,42,0.3670178163527817,0.4090909090909091
626,17,uniform,2,42,0.3639685788798285,0.4
627,17,distance,1,42,0.4895525799232642,0.5545454545454546
628,17,distance,2,42,0.47878875417740147,0.5402597402597402
629,17,uniform,1,44,0.3670178163527817,0.4090909090909091
630,17,uniform,2,44,0.3639685788798285,0.4
631,17,distance,1,44,0.4895525799232642,0.5545454545454546
632,17,distance,2,44,0.47878875417740147,0.5402597402597402
633,17,uniform,1,46,0.3670178163527817,0.4090909090909091
634,17,uniform,2,46,0.3639685788798285,0.4
635,17,distance,1,46,0.4895525799232642,0.5545454545454546
636,17,distance,2,46,0.47878875417740147,0.5402597402597402
637,17,uniform,1,48,0.3670178163527817,0.4090909090909091
638,17,uniform,2,48,0.3639685788798285,0.4
639,17,distance,1,48,0.4895525799232642,0.5545454545454546
640,17,distance,2,48,0.47878875417740147,0.5402597402597402
641,19,uniform,1,10,0.3692323373681182,0.4051948051948052
642,19,uniform,2,10,0.3653258707555301,0.3987012987012987
643,19,distance,1,10,0.49000783093898737,0.5467532467532468
644,19,distance,2,10,0.476578931749361,0.5324675324675324
645,19,uniform,1,12,0.3692323373681182,0.4051948051948052
646,19,uniform,2,12,0.3653258707555301,0.3987012987012987
647,19,distance,1,12,0.49000783093898737,0.5467532467532468
648,19,distance,2,12,0.476578931749361,0.5324675324675324
649,19,uniform,1,14,0.3692323373681182,0.4051948051948052
650,19,uniform,2,14,0.3653258707555301,0.3987012987012987
651,19,distance,1,14,0.49000783093898737,0.5467532467532468
652,19,distance,2,14,0.476578931749361,0.5324675324675324
653,19,uniform,1,16,0.36663566442751494,0.4038961038961039
654,19,uniform,2,16,0.3648947060313904,0.3948051948051948
655,19,distance,1,16,0.48828138105631885,0.5467532467532468
656,19,distance,2,16,0.4774786926911843,0.5337662337662338
657,19,uniform,1,18,0.36663566442751494,0.4038961038961039
658,19,uniform,2,18,0.3648947060313904,0.3948051948051948
659,19,distance,1,18,0.48828138105631885,0.5467532467532468
660,19,distance,2,18,0.4774786926911843,0.5337662337662338
661,19,uniform,1,20,0.36663566442751494,0.4038961038961039
662,19,uniform,2,20,0.3648947060313904,0.3948051948051948
663,19,distance,1,20,0.48828138105631885,0.5467532467532468
664,19,distance,2,20,0.4774786926911843,0.5337662337662338
665,19,uniform,1,22,0.36663566442751494,0.4038961038961039
666,19,uniform,2,22,0.3648947060313904,0.3948051948051948
667,19,distance,1,22,0.48828138105631885,0.5467532467532468
668,19,distance,2,22,0.4774786926911843,0.5337662337662338
669,19,uniform,1,24,0.36663566442751494,0.4038961038961039
670,19,uniform,2,24,0.3648947060313904,0.3948051948051948
671,19,distance,1,24,0.48828138105631885,0.5467532467532468
672,19,distance,2,24,0.4774786926911843,0.5337662337662338
673,19,uniform,1,26,0.36663566442751494,0.4038961038961039
674,19,uniform,2,26,0.3648947060313904,0.3948051948051948
675,19,distance,1,26,0.48828138105631885,0.5467532467532468
676,19,distance,2,26,0.4774786926911843,0.5337662337662338
677,19,uniform,1,28,0.36663566442751494,0.4038961038961039
678,19,uniform,2,28,0.3648947060313904,0.3948051948051948
679,19,distance,1,28,0.48828138105631885,0.5467532467532468
680,19,distance,2,28,0.4774786926911843,0.5337662337662338
681,19,uniform,1,30,0.3640298792884115,0.4012987012987013
682,19,uniform,2,30,0.3614256959509528,0.3935064935064935
683,19,distance,1,30,0.4839324362327028,0.5493506493506494
684,19,distance,2,30,0.475706428773271,0.535064935064935
685,19,uniform,1,32,0.3640298792884115,0.4012987012987013
686,19,uniform,2,32,0.3614256959509528,0.3935064935064935
687,19,distance,1,32,0.4839324362327028,0.5493506493506494
688,19,distance,2,32,0.475706428773271,0.535064935064935
689,19,uniform,1,34,0.3640298792884115,0.4012987012987013
690,19,uniform,2,34,0.3614256959509528,0.3935064935064935
691,19,distance,1,34,0.4839324362327028,0.5493506493506494
692,19,distance,2,34,0.475706428773271,0.535064935064935
693,19,uniform,1,36,0.3640298792884115,0.4012987012987013
694,19,uniform,2,36,0.3614256959509528,0.3935064935064935
695,19,distance,1,36,0.4839324362327028,0.5493506493506494
696,19,distance,2,36,0.475706428773271,0.535064935064935
697,19,uniform,1,38,0.3640298792884115,0.4012987012987013
698,19,uniform,2,38,0.3614256959509528,0.3935064935064935
699,19,distance,1,38,0.4839324362327028,0.5493506493506494
700,19,distance,2,38,0.475706428773271,0.535064935064935
701,19,uniform,1,40,0.3640298792884115,0.4012987012987013
702,19,uniform,2,40,0.3614256959509528,0.3935064935064935
703,19,distance,1,40,0.4839324362327028,0.5493506493506494
704,19,distance,2,40,0.475706428773271,0.535064935064935
705,19,uniform,1,42,0.3640298792884115,0.4012987012987013
706,19,uniform,2,42,0.3614256959509528,0.3935064935064935
707,19,distance,1,42,0.4839324362327028,0.5493506493506494
708,19,distance,2,42,0.475706428773271,0.535064935064935
709,19,uniform,1,44,0.3640298792884115,0.4012987012987013
710,19,uniform,2,44,0.3614256959509528,0.3935064935064935
711,19,distance,1,44,0.4839324362327028,0.5493506493506494
712,19,distance,2,44,0.475706428773271,0.535064935064935
713,19,uniform,1,46,0.3640298792884115,0.4012987012987013
714,19,uniform,2,46,0.3614256959509528,0.3935064935064935
715,19,distance,1,46,0.4839324362327028,0.5493506493506494
716,19,distance,2,46,0.475706428773271,0.535064935064935
717,19,uniform,1,48,0.3640298792884115,0.4012987012987013
718,19,uniform,2,48,0.3614256959509528,0.3935064935064935
719,19,distance,1,48,0.4839324362327028,0.5493506493506494
720,19,distance,2,48,0.475706428773271,0.535064935064935
721,21,uniform,1,10,0.3544761449266448,0.3974025974025974
722,21,uniform,2,10,0.35188790980509144,0.38961038961038963
723,21,distance,1,10,0.4817732517533896,0.5428571428571428
724,21,distance,2,10,0.4718112203702221,0.5298701298701298
725,21,uniform,1,12,0.3544761449266448,0.3974025974025974
726,21,uniform,2,12,0.35188790980509144,0.38961038961038963
727,21,distance,1,12,0.4817732517533896,0.5428571428571428
728,21,distance,2,12,0.4718112203702221,0.5298701298701298
729,21,uniform,1,14,0.3544761449266448,0.3974025974025974
730,21,uniform,2,14,0.35188790980509144,0.38961038961038963
731,21,distance,1,14,0.4817732517533896,0.5428571428571428
732,21,distance,2,14,0.4718112203702221,0.5298701298701298
733,21,uniform,1,16,0.3539734227966831,0.3922077922077922
734,21,uniform,2,16,0.3513500876400296,0.38961038961038963
735,21,distance,1,16,0.4812860994661944,0.5428571428571428
736,21,distance,2,16,0.4660942143934106,0.5363636363636364
737,21,uniform,1,18,0.3539734227966831,0.3922077922077922
738,21,uniform,2,18,0.3513500876400296,0.38961038961038963
739,21,distance,1,18,0.4812860994661944,0.5428571428571428
740,21,distance,2,18,0.4660942143934106,0.5363636363636364
741,21,uniform,1,20,0.3539734227966831,0.3922077922077922
742,21,uniform,2,20,0.3513500876400296,0.38961038961038963
743,21,distance,1,20,0.4812860994661944,0.5428571428571428
744,21,distance,2,20,0.4660942143934106,0.5363636363636364
745,21,uniform,1,22,0.3539734227966831,0.3922077922077922
746,21,uniform,2,22,0.3513500876400296,0.38961038961038963
747,21,distance,1,22,0.4812860994661944,0.5428571428571428
748,21,distance,2,22,0.4660942143934106,0.5363636363636364
749,21,uniform,1,24,0.3539734227966831,0.3922077922077922
750,21,uniform,2,24,0.3513500876400296,0.38961038961038963
751,21,distance,1,24,0.4812860994661944,0.5428571428571428
752,21,distance,2,24,0.4660942143934106,0.5363636363636364
753,21,uniform,1,26,0.3539734227966831,0.3922077922077922
754,21,uniform,2,26,0.3513500876400296,0.38961038961038963
755,21,distance,1,26,0.4812860994661944,0.5428571428571428
756,21,distance,2,26,0.4660942143934106,0.5363636363636364
757,21,uniform,1,28,0.3539734227966831,0.3922077922077922
758,21,uniform,2,28,0.3513500876400296,0.38961038961038963
759,21,distance,1,28,0.4812860994661944,0.5428571428571428
760,21,distance,2,28,0.4660942143934106,0.5363636363636364
761,21,uniform,1,30,0.3488296339195353,0.38701298701298703
762,21,uniform,2,30,0.34752068046325635,0.38311688311688313
763,21,distance,1,30,0.47654350377881,0.5415584415584416
764,21,distance,2,30,0.4665459387100547,0.5272727272727272
765,21,uniform,1,32,0.3488296339195353,0.38701298701298703
766,21,uniform,2,32,0.34752068046325635,0.38311688311688313
767,21,distance,1,32,0.47654350377881,0.5415584415584416
768,21,distance,2,32,0.4665459387100547,0.5272727272727272
769,21,uniform,1,34,0.3488296339195353,0.38701298701298703
770,21,uniform,2,34,0.34752068046325635,0.38311688311688313
771,21,distance,1,34,0.47654350377881,0.5415584415584416
772,21,distance,2,34,0.4665459387100547,0.5272727272727272
773,21,uniform,1,36,0.3488296339195353,0.38701298701298703
774,21,uniform,2,36,0.34752068046325635,0.38311688311688313
775,21,distance,1,36,0.47654350377881,0.5415584415584416
776,21,distance,2,36,0.4665459387100547,0.5272727272727272
777,21,uniform,1,38,0.3488296339195353,0.38701298701298703
778,21,uniform,2,38,0.34752068046325635,0.38311688311688313
779,21,distance,1,38,0.47654350377881,0.5415584415584416
780,21,distance,2,38,0.4665459387100547,0.5272727272727272
781,21,uniform,1,40,0.3488296339195353,0.38701298701298703
782,21,uniform,2,40,0.34752068046325635,0.38311688311688313
783,21,distance,1,40,0.47654350377881,0.5415584415584416
784,21,distance,2,40,0.4665459387100547,0.5272727272727272
785,21,uniform,1,42,0.3488296339195353,0.38701298701298703
786,21,uniform,2,42,0.34752068046325635,0.38311688311688313
787,21,distance,1,42,0.47654350377881,0.5415584415584416
788,21,distance,2,42,0.4665459387100547,0.5272727272727272
789,21,uniform,1,44,0.3488296339195353,0.38701298701298703
790,21,uniform,2,44,0.34752068046325635,0.38311688311688313
791,21,distance,1,44,0.47654350377881,0.5415584415584416
792,21,distance,2,44,0.4665459387100547,0.5272727272727272
793,21,uniform,1,46,0.3488296339195353,0.38701298701298703
794,21,uniform,2,46,0.34752068046325635,0.38311688311688313
795,21,distance,1,46,0.47654350377881,0.5415584415584416
796,21,distance,2,46,0.4665459387100547,0.5272727272727272
797,21,uniform,1,48,0.3488296339195353,0.38701298701298703
798,21,uniform,2,48,0.34752068046325635,0.38311688311688313
799,21,distance,1,48,0.47654350377881,0.5415584415584416
800,21,distance,2,48,0.4665459387100547,0.5272727272727272
801,23,uniform,1,10,0.345734259319756,0.38571428571428573
802,23,uniform,2,10,0.344004393296915,0.38181818181818183
803,23,distance,1,10,0.47348599432306243,0.5376623376623376
804,23,distance,2,10,0.4608641986045988,0.525974025974026
805,23,uniform,1,12,0.345734259319756,0.38571428571428573
806,23,uniform,2,12,0.344004393296915,0.38181818181818183
807,23,distance,1,12,0.47348599432306243,0.5376623376623376
808,23,distance,2,12,0.4608641986045988,0.525974025974026
809,23,uniform,1,14,0.345734259319756,0.38571428571428573
810,23,uniform,2,14,0.344004393296915,0.38181818181818183
811,23,distance,1,14,0.47348599432306243,0.5376623376623376
812,23,distance,2,14,0.4608641986045988,0.525974025974026
813,23,uniform,1,16,0.3448150750074455,0.38441558441558443
814,23,uniform,2,16,0.3421974359091197,0.38181818181818183
815,23,distance,1,16,0.4738361392618204,0.5415584415584416
816,23,distance,2,16,0.4629750213162799,0.5272727272727272
817,23,uniform,1,18,0.3448150750074455,0.38441558441558443
818,23,uniform,2,18,0.3421974359091197,0.38181818181818183
819,23,distance,1,18,0.4738361392618204,0.5415584415584416
820,23,distance,2,18,0.4629750213162799,0.5272727272727272
821,23,uniform,1,20,0.3448150750074455,0.38441558441558443
822,23,uniform,2,20,0.3421974359091197,0.38181818181818183
823,23,distance,1,20,0.4738361392618204,0.5415584415584416
824,23,distance,2,20,0.4629750213162799,0.5272727272727272
825,23,uniform,1,22,0.3448150750074455,0.38441558441558443
826,23,uniform,2,22,0.3421974359091197,0.38181818181818183
827,23,distance,1,22,0.4738361392618204,0.5415584415584416
828,23,distance,2,22,0.4629750213162799,0.5272727272727272
829,23,uniform,1,24,0.3448150750074455,0.38441558441558443
830,23,uniform,2,24,0.3421974359091197,0.38181818181818183
831,23,distance,1,24,0.4738361392618204,0.5415584415584416
832,23,distance,2,24,0.4629750213162799,0.5272727272727272
833,23,uniform,1,26,0.3448150750074455,0.38441558441558443
834,23,uniform,2,26,0.3421974359091197,0.38181818181818183
835,23,distance,1,26,0.4738361392618204,0.5415584415584416
836,23,distance,2,26,0.4629750213162799,0.5272727272727272
837,23,uniform,1,28,0.3448150750074455,0.38441558441558443
838,23,uniform,2,28,0.3421974359091197,0.38181818181818183
839,23,distance,1,28,0.4738361392618204,0.5415584415584416
840,23,distance,2,28,0.4629750213162799,0.5272727272727272
841,23,uniform,1,30,0.3388039153919918,0.37142857142857144
842,23,uniform,2,30,0.33706463742727893,0.36623376623376624
843,23,distance,1,30,0.47130326402449974,0.535064935064935
844,23,distance,2,30,0.46175210558719976,0.5246753246753246
845,23,uniform,1,32,0.3388039153919918,0.37142857142857144
846,23,uniform,2,32,0.33706463742727893,0.36623376623376624
847,23,distance,1,32,0.47130326402449974,0.535064935064935
848,23,distance,2,32,0.46175210558719976,0.5246753246753246
849,23,uniform,1,34,0.3388039153919918,0.37142857142857144
850,23,uniform,2,34,0.33706463742727893,0.36623376623376624
851,23,distance,1,34,0.47130326402449974,0.535064935064935
852,23,distance,2,34,0.46175210558719976,0.5246753246753246
853,23,uniform,1,36,0.3388039153919918,0.37142857142857144
854,23,uniform,2,36,0.33706463742727893,0.36623376623376624
855,23,distance,1,36,0.47130326402449974,0.535064935064935
856,23,distance,2,36,0.46175210558719976,0.5246753246753246
857,23,uniform,1,38,0.3388039153919918,0.37142857142857144
858,23,uniform,2,38,0.33706463742727893,0.36623376623376624
859,23,distance,1,38,0.47130326402449974,0.535064935064935
860,23,distance,2,38,0.46175210558719976,0.5246753246753246
861,23,uniform,1,40,0.3388039153919918,0.37142857142857144
862,23,uniform,2,40,0.33706463742727893,0.36623376623376624
863,23,distance,1,40,0.47130326402449974,0.535064935064935
864,23,distance,2,40,0.46175210558719976,0.5246753246753246
865,23,uniform,1,42,0.3388039153919918,0.37142857142857144
866,23,uniform,2,42,0.33706463742727893,0.36623376623376624
867,23,distance,1,42,0.47130326402449974,0.535064935064935
868,23,distance,2,42,0.46175210558719976,0.5246753246753246
869,23,uniform,1,44,0.3388039153919918,0.37142857142857144
870,23,uniform,2,44,0.33706463742727893,0.36623376623376624
871,23,distance,1,44,0.47130326402449974,0.535064935064935
872,23,distance,2,44,0.46175210558719976,0.5246753246753246
873,23,uniform,1,46,0.3388039153919918,0.37142857142857144
874,23,uniform,2,46,0.33706463742727893,0.36623376623376624
875,23,distance,1,46,0.47130326402449974,0.535064935064935
876,23,distance,2,46,0.46175210558719976,0.5246753246753246
877,23,uniform,1,48,0.3388039153919918,0.37142857142857144
878,23,uniform,2,48,0.33706463742727893,0.36623376623376624
879,23,distance,1,48,0.47130326402449974,0.535064935064935
880,23,distance,2,48,0.46175210558719976,0.5246753246753246
881,25,uniform,1,10,0.33778757278711957,0.37792207792207794
882,25,uniform,2,10,0.3365081572147291,0.37272727272727274
883,25,distance,1,10,0.47091661127733203,0.5337662337662338
884,25,distance,2,10,0.4574311287749671,0.5194805194805194
885,25,uniform,1,12,0.33778757278711957,0.37792207792207794
886,25,uniform,2,12,0.3365081572147291,0.37272727272727274
887,25,distance,1,12,0.47091661127733203,0.5337662337662338
888,25,distance,2,12,0.4574311287749671,0.5194805194805194
889,25,uniform,1,14,0.33778757278711957,0.37792207792207794
890,25,uniform,2,14,0.3365081572147291,0.37272727272727274
891,25,distance,1,14,0.47091661127733203,0.5337662337662338
892,25,distance,2,14,0.4574311287749671,0.5194805194805194
893,25,uniform,1,16,0.3399572820821125,0.37792207792207794
894,25,uniform,2,16,0.3382217200009439,0.37012987012987014
895,25,distance,1,16,0.4716812111383855,0.5376623376623376
896,25,distance,2,16,0.4630171194679805,0.5207792207792208
897,25,uniform,1,18,0.3399572820821125,0.37792207792207794
898,25,uniform,2,18,0.3382217200009439,0.37012987012987014
899,25,distance,1,18,0.4716812111383855,0.5376623376623376
900,25,distance,2,18,0.4630171194679805,0.5207792207792208
901,25,uniform,1,20,0.3399572820821125,0.37792207792207794
902,25,uniform,2,20,0.3382217200009439,0.37012987012987014
903,25,distance,1,20,0.4716812111383855,0.5376623376623376
904,25,distance,2,20,0.4630171194679805,0.5207792207792208
905,25,uniform,1,22,0.3399572820821125,0.37792207792207794
906,25,uniform,2,22,0.3382217200009439,0.37012987012987014
907,25,distance,1,22,0.4716812111383855,0.5376623376623376
908,25,distance,2,22,0.4630171194679805,0.5207792207792208
909,25,uniform,1,24,0.3399572820821125,0.37792207792207794
910,25,uniform,2,24,0.3382217200009439,0.37012987012987014
911,25,distance,1,24,0.4716812111383855,0.5376623376623376
912,25,distance,2,24,0.4630171194679805,0.5207792207792208
913,25,uniform,1,26,0.3399572820821125,0.37792207792207794
914,25,uniform,2,26,0.3382217200009439,0.37012987012987014
915,25,distance,1,26,0.4716812111383855,0.5376623376623376
916,25,distance,2,26,0.4630171194679805,0.5207792207792208
917,25,uniform,1,28,0.3399572820821125,0.37792207792207794
918,25,uniform,2,28,0.3382217200009439,0.37012987012987014
919,25,distance,1,28,0.4716812111383855,0.5376623376623376
920,25,distance,2,28,0.4630171194679805,0.5207792207792208
921,25,uniform,1,30,0.3339238824427425,0.37012987012987014
922,25,uniform,2,30,0.33174972387034585,0.36623376623376624
923,25,distance,1,30,0.46872414110144656,0.5337662337662338
924,25,distance,2,30,0.4591720085413245,0.5168831168831168
925,25,uniform,1,32,0.3339238824427425,0.37012987012987014
926,25,uniform,2,32,0.33174972387034585,0.36623376623376624
927,25,distance,1,32,0.46872414110144656,0.5337662337662338
928,25,distance,2,32,0.4591720085413245,0.5168831168831168
929,25,uniform,1,34,0.3339238824427425,0.37012987012987014
930,25,uniform,2,34,0.33174972387034585,0.36623376623376624
931,25,distance,1,34,0.46872414110144656,0.5337662337662338
932,25,distance,2,34,0.4591720085413245,0.5168831168831168
933,25,uniform,1,36,0.3339238824427425,0.37012987012987014
934,25,uniform,2,36,0.33174972387034585,0.36623376623376624
935,25,distance,1,36,0.46872414110144656,0.5337662337662338
936,25,distance,2,36,0.4591720085413245,0.5168831168831168
937,25,uniform,1,38,0.3339238824427425,0.37012987012987014
938,25,uniform,2,38,0.33174972387034585,0.36623376623376624
939,25,distance,1,38,0.46872414110144656,0.5337662337662338
940,25,distance,2,38,0.4591720085413245,0.5168831168831168
941,25,uniform,1,40,0.3339238824427425,0.37012987012987014
942,25,uniform,2,40,0.33174972387034585,0.36623376623376624
943,25,distance,1,40,0.46872414110144656,0.5337662337662338
944,25,distance,2,40,0.4591720085413245,0.5168831168831168
945,25,uniform,1,42,0.3339238824427425,0.37012987012987014
946,25,uniform,2,42,0.33174972387034585,0.36623376623376624
947,25,distance,1,42,0.46872414110144656,0.5337662337662338
948,25,distance,2,42,0.4591720085413245,0.5168831168831168
949,25,uniform,1,44,0.3339238824427425,0.37012987012987014
950,25,uniform,2,44,0.33174972387034585,0.36623376623376624
951,25,distance,1,44,0.46872414110144656,0.5337662337662338
952,25,distance,2,44,0.4591720085413245,0.5168831168831168
953,25,uniform,1,46,0.3339238824427425,0.37012987012987014
954,25,uniform,2,46,0.33174972387034585,0.36623376623376624
955,25,distance,1,46,0.46872414110144656,0.5337662337662338
956,25,distance,2,46,0.4591720085413245,0.5168831168831168
957,25,uniform,1,48,0.3339238824427425,0.37012987012987014
958,25,uniform,2,48,0.33174972387034585,0.36623376623376624
959,25,distance,1,48,0.46872414110144656,0.5337662337662338
960,25,distance,2,48,0.4591720085413245,0.5168831168831168
961,27,uniform,1,10,0.3401951459566212,0.36883116883116884
962,27,uniform,2,10,0.33974629730781547,0.36493506493506495
963,27,distance,1,10,0.47415797348225597,0.5298701298701298
964,27,distance,2,10,0.46290673137202615,0.5168831168831168
965,27,uniform,1,12,0.3401951459566212,0.36883116883116884
966,27,uniform,2,12,0.33974629730781547,0.36493506493506495
967,27,distance,1,12,0.47415797348225597,0.5298701298701298
968,27,distance,2,12,0.46290673137202615,0.5168831168831168
969,27,uniform,1,14,0.3401951459566212,0.36883116883116884
970,27,uniform,2,14,0.33974629730781547,0.36493506493506495
971,27,distance,1,14,0.47415797348225597,0.5298701298701298
972,27,distance,2,14,0.46290673137202615,0.5168831168831168
973,27,uniform,1,16,0.33889231847209744,0.36363636363636365
974,27,uniform,2,16,0.3384630000156251,0.35974025974025975
975,27,distance,1,16,0.4732099846799166,0.5337662337662338
976,27,distance,2,16,0.4645854152367456,0.5168831168831168
977,27,uniform,1,18,0.33889231847209744,0.36363636363636365
978,27,uniform,2,18,0.3384630000156251,0.35974025974025975
979,27,distance,1,18,0.4732099846799166,0.5337662337662338
980,27,distance,2,18,0.4645854152367456,0.5168831168831168
981,27,uniform,1,20,0.33889231847209744,0.36363636363636365
982,27,uniform,2,20,0.3384630000156251,0.35974025974025975
983,27,distance,1,20,0.4732099846799166,0.5337662337662338
984,27,distance,2,20,0.4645854152367456,0.5168831168831168
985,27,uniform,1,22,0.33889231847209744,0.36363636363636365
986,27,uniform,2,22,0.3384630000156251,0.35974025974025975
987,27,distance,1,22,0.4732099846799166,0.5337662337662338
988,27,distance,2,22,0.4645854152367456,0.5168831168831168
989,27,uniform,1,24,0.33889231847209744,0.36363636363636365
990,27,uniform,2,24,0.3384630000156251,0.35974025974025975
991,27,distance,1,24,0.4732099846799166,0.5337662337662338
992,27,distance,2,24,0.4645854152367456,0.5168831168831168
993,27,uniform,1,26,0.33889231847209744,0.36363636363636365
994,27,uniform,2,26,0.3384630000156251,0.35974025974025975
995,27,distance,1,26,0.4732099846799166,0.5337662337662338
996,27,distance,2,26,0.4645854152367456,0.5168831168831168
997,27,uniform,1,28,0.33889231847209744,0.36363636363636365
998,27,uniform,2,28,0.3384630000156251,0.35974025974025975
999,27,distance,1,28,0.4732099846799166,0.5337662337662338
1000,27,distance,2,28,0.4645854152367456,0.5168831168831168
1001,27,uniform,1,30,0.33409574732558045,0.36233766233766235
1002,27,uniform,2,30,0.33322585220309664,0.35584415584415585
1003,27,distance,1,30,0.47236346954042646,0.5285714285714286
1004,27,distance,2,30,0.462822429353588,0.5116883116883116
1005,27,uniform,1,32,0.33409574732558045,0.36233766233766235
1006,27,uniform,2,32,0.33322585220309664,0.35584415584415585
1007,27,distance,1,32,0.47236346954042646,0.5285714285714286
1008,27,distance,2,32,0.462822429353588,0.5116883116883116
1009,27,uniform,1,34,0.33409574732558045,0.36233766233766235
1010,27,uniform,2,34,0.33322585220309664,0.35584415584415585
1011,27,distance,1,34,0.47236346954042646,0.5285714285714286
1012,27,distance,2,34,0.462822429353588,0.5116883116883116
1013,27,uniform,1,36,0.33409574732558045,0.36233766233766235
1014,27,uniform,2,36,0.33322585220309664,0.35584415584415585
1015,27,distance,1,36,0.47236346954042646,0.5285714285714286
1016,27,distance,2,36,0.462822429353588,0.5116883116883116
1017,27,uniform,1,38,0.33409574732558045,0.36233766233766235
1018,27,uniform,2,38,0.33322585220309664,0.35584415584415585
1019,27,distance,1,38,0.47236346954042646,0.5285714285714286
1020,27,distance,2,38,0.462822429353588,0.5116883116883116
1021,27,uniform,1,40,0.33409574732558045,0.36233766233766235
1022,27,uniform,2,40,0.33322585220309664,0.35584415584415585
1023,27,distance,1,40,0.47236346954042646,0.5285714285714286
1024,27,distance,2,40,0.462822429353588,0.5116883116883116
1025,27,uniform,1,42,0.33409574732558045,0.36233766233766235
1026,27,uniform,2,42,0.33322585220309664,0.35584415584415585
1027,27,distance,1,42,0.47236346954042646,0.5285714285714286
1028,27,distance,2,42,0.462822429353588,0.5116883116883116
1029,27,uniform,1,44,0.33409574732558045,0.36233766233766235
1030,27,uniform,2,44,0.33322585220309664,0.35584415584415585
1031,27,distance,1,44,0.47236346954042646,0.5285714285714286
1032,27,distance,2,44,0.462822429353588,0.5116883116883116
1033,27,uniform,1,46,0.33409574732558045,0.36233766233766235
1034,27,uniform,2,46,0.33322585220309664,0.35584415584415585
1035,27,distance,1,46,0.47236346954042646,0.5285714285714286
1036,27,distance,2,46,0.462822429353588,0.5116883116883116
1037,27,uniform,1,48,0.33409574732558045,0.36233766233766235
1038,27,uniform,2,48,0.33322585220309664,0.35584415584415585
1039,27,distance,1,48,0.47236346954042646,0.5285714285714286
1040,27,distance,2,48,0.462822429353588,0.5116883116883116
1041,29,uniform,1,10,0.3363693808774948,0.35584415584415585
1042,29,uniform,2,10,0.33592449257825585,0.35064935064935066
1043,29,distance,1,10,0.47685186372983035,0.5233766233766234
1044,29,distance,2,10,0.4677203439928985,0.512987012987013
1045,29,uniform,1,12,0.3363693808774948,0.35584415584415585
1046,29,uniform,2,12,0.33592449257825585,0.35064935064935066
1047,29,distance,1,12,0.47685186372983035,0.5233766233766234
1048,29,distance,2,12,0.4677203439928985,0.512987012987013
1049,29,uniform,1,14,0.3363693808774948,0.35584415584415585
1050,29,uniform,2,14,0.33592449257825585,0.35064935064935066
1051,29,distance,1,14,0.47685186372983035,0.5233766233766234
1052,29,distance,2,14,0.4677203439928985,0.512987012987013
1053,29,uniform,1,16,0.33719758441349607,0.35454545454545455
1054,29,uniform,2,16,0.3372125585065794,0.35064935064935066
1055,29,distance,1,16,0.4772679204537704,0.5272727272727272
1056,29,distance,2,16,0.46855731328340056,0.5103896103896104
1057,29,uniform,1,18,0.33719758441349607,0.35454545454545455
1058,29,uniform,2,18,0.3372125585065794,0.35064935064935066
1059,29,distance,1,18,0.4772679204537704,0.5272727272727272
1060,29,distance,2,18,0.46855731328340056,0.5103896103896104
1061,29,uniform,1,20,0.33719758441349607,0.35454545454545455
1062,29,uniform,2,20,0.3372125585065794,0.35064935064935066
1063,29,distance,1,20,0.4772679204537704,0.5272727272727272
1064,29,distance,2,20,0.46855731328340056,0.5103896103896104
1065,29,uniform,1,22,0.33719758441349607,0.35454545454545455
1066,29,uniform,2,22,0.3372125585065794,0.35064935064935066
1067,29,distance,1,22,0.4772679204537704,0.5272727272727272
1068,29,distance,2,22,0.46855731328340056,0.5103896103896104
1069,29,uniform,1,24,0.33719758441349607,0.35454545454545455
1070,29,uniform,2,24,0.3372125585065794,0.35064935064935066
1071,29,distance,1,24,0.4772679204537704,0.5272727272727272
1072,29,distance,2,24,0.46855731328340056,0.5103896103896104
1073,29,uniform,1,26,0.33719758441349607,0.35454545454545455
1074,29,uniform,2,26,0.3372125585065794,0.35064935064935066
1075,29,distance,1,26,0.4772679204537704,0.5272727272727272
1076,29,distance,2,26,0.46855731328340056,0.5103896103896104
1077,29,uniform,1,28,0.33719758441349607,0.35454545454545455
1078,29,uniform,2,28,0.3372125585065794,0.35064935064935066
1079,29,distance,1,28,0.4772679204537704,0.5272727272727272
1080,29,distance,2,28,0.46855731328340056,0.5103896103896104
1081,29,uniform,1,30,0.3296164186340493,0.35064935064935066
1082,29,uniform,2,30,0.3291965121194488,0.34415584415584416
1083,29,distance,1,30,0.47189389919992086,0.522077922077922
1084,29,distance,2,30,0.46274938554468914,0.509090909090909
1085,29,uniform,1,32,0.3296164186340493,0.35064935064935066
1086,29,uniform,2,32,0.3291965121194488,0.34415584415584416
1087,29,distance,1,32,0.47189389919992086,0.522077922077922
1088,29,distance,2,32,0.46274938554468914,0.509090909090909
1089,29,uniform,1,34,0.3296164186340493,0.35064935064935066
1090,29,uniform,2,34,0.3291965121194488,0.34415584415584416
1091,29,distance,1,34,0.47189389919992086,0.522077922077922
1092,29,distance,2,34,0.46274938554468914,0.509090909090909
1093,29,uniform,1,36,0.3296164186340493,0.35064935064935066
1094,29,uniform,2,36,0.3291965121194488,0.34415584415584416
1095,29,distance,1,36,0.47189389919992086,0.522077922077922
1096,29,distance,2,36,0.46274938554468914,0.509090909090909
1097,29,uniform,1,38,0.3296164186340493,0.35064935064935066
1098,29,uniform,2,38,0.3291965121194488,0.34415584415584416
1099,29,distance,1,38,0.47189389919992086,0.522077922077922
1100,29,distance,2,38,0.46274938554468914,0.509090909090909
1101,29,uniform,1,40,0.3296164186340493,0.35064935064935066
1102,29,uniform,2,40,0.3291965121194488,0.34415584415584416
1103,29,distance,1,40,0.47189389919992086,0.522077922077922
1104,29,distance,2,40,0.46274938554468914,0.509090909090909
1105,29,uniform,1,42,0.3296164186340493,0.35064935064935066
1106,29,uniform,2,42,0.3291965121194488,0.34415584415584416
1107,29,distance,1,42,0.47189389919992086,0.522077922077922
1108,29,distance,2,42,0.46274938554468914,0.509090909090909
1109,29,uniform,1,44,0.3296164186340493,0.35064935064935066
1110,29,uniform,2,44,0.3291965121194488,0.34415584415584416
1111,29,distance,1,44,0.47189389919992086,0.522077922077922
1112,29,distance,2,44,0.46274938554468914,0.509090909090909
1113,29,uniform,1,46,0.3296164186340493,0.35064935064935066
1114,29,uniform,2,46,0.3291965121194488,0.34415584415584416
1115,29,distance,1,46,0.47189389919992086,0.522077922077922
1116,29,distance,2,46,0.46274938554468914,0.509090909090909
1117,29,uniform,1,48,0.3296164186340493,0.35064935064935066
1118,29,uniform,2,48,0.3291965121194488,0.34415584415584416
1119,29,distance,1,48,0.47189389919992086,0.522077922077922
1120,29,distance,2,48,0.46274938554468914,0.509090909090909
